{"web":{"client_id":"69079217503-oqjsghb5urftroiodc01a27m7ucrjh45.apps.googleusercontent.com","project_id":"la-capsule-learning","auth_uri":"https://accounts.google.com/o/oauth2/auth","token_uri":"https://oauth2.googleapis.com/token","auth_provider_x509_cert_url":"https://www.googleapis.com/oauth2/v1/certs","client_secret":"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","redirect_uris":["http://localhost/","http://localhost:3001/","http://127.0.0.1:5500/","http://127.0.0.1/"],"javascript_origins":["http://localhost","http://localhost:3001","http://127.0.0.1:5500","http://127.0.0.1"]}}